Orthogroup,lnLm0,lnLm1,r0,r1,p-value
OG0003628,-2431.577827,-2424.609796,1,0.29041,0.008297875
OG0004364,-5186.653659,-5184.520671,1,0.73816,0.144159501
OG0004794,-5919.175687,-5918.80241,1,1.14624,0.541223419
OG0004960,-537.759837,-533.378996,1,0.21569,0.03634506
OG0004962,-3971.488341,-3964.236947,1,0.54043,0.007084599
OG0005274,-632.526844,-627.887663,1,0.28958,0.031249913
OG0005301,-4674.73303,-4662.469778,1,0.43159,0.000461966
OG0005335,-2610.008153,-2608.868545,1,0.75376,0.285735174
OG0005368,-1480.623535,-1479.37292,1,0.62923,0.263435048
OG0005451,-1187.666926,-1187.817233,1,0.31397,0.698242151
OG0005482,-4661.868619,-4643.055253,1,0.28836,1.44E-05
OG0005684,-6745.607307,-6731.882123,1,0.46045,0.000211598
OG0005714,-1617.392443,-1615.907873,1,0.61456,0.22306087
OG0005768,-7814.902221,-7809.467046,1,0.64538,0.019735113
OG0005815,-5088.054532,-5081.672053,1,0.42047,0.011525234
OG0005888,-2927.764025,-2921.700249,1,0.50133,0.013798235
OG0005890,-1241.438278,-1240.506689,1,0.61882,0.334450365
OG0005925,-8321.302697,-8315.297362,1,0.60219,0.014262686
OG0006084,-10650.48725,-10649.50896,1,0.86492,0.322622332
OG0006096,-6532.840361,-6528.441284,1,0.60981,0.035958387
OG0006157,-4722.603563,-4720.992262,1,0.74599,0.204309018
OG0006339,-4239.5678,-4233.659159,1,0.56808,0.015066791
OG0006447,-6081.386028,-6061.590974,1,0.40938,8.62E-06
OG0006455,-2095.673033,-2093.146259,1,0.56273,0.11192884
OG0006565,-263.861096,-262.969754,1,0.14399,0.345113898
OG0006583,-4316.542677,-4310.905966,1,0.55596,0.017588171
OG0006591,-8787.543904,-8767.035865,1,0.41128,5.94E-06
OG0006783,-7058.685934,-7053.939309,1,0.64346,0.029355816
OG0006793,-2405.835427,-2405.467839,1,0.79126,0.544321959
OG0006856,-3109.44419,-3103.488573,1,0.5169,0.014670468
OG0006861,-7298.623861,-7284.340672,1,0.45181,0.000157263
OG0006931,-4467.341111,-4458.784667,1,0.49723,0.003443013
OG0006940,-5297.72964,-5282.924222,1,0.3996,0.000119193
OG0006952,-3399.735358,-3399.642346,1,1.07311,0.760382384
OG0006965,-4419.13891,-4402.188928,1,0.32757,3.84E-05
OG0007015,-4004.952698,-3996.514009,1,0.51977,0.00367321
OG0007028,-2843.124909,-2834.919376,1,0.40195,0.004176284
OG0007038,-2540.933414,-2536.783423,1,0.49775,0.041634745
OG0007100,-3190.11013,-3188.033742,1,0.6544,0.1495938
OG0007234,-5870.181675,-5858.720289,1,0.52051,0.000710573
OG0007236,-5491.125649,-5480.352184,1,0.47361,0.001029656
OG0007249,-1789.28853,-1778.168772,1,0.21906,0.000854129
OG0007271,-2660.888407,-2655.636775,1,0.49196,0.021926197
OG0007356,-2358.428579,-2358.077824,1,0.82432,0.553686054
OG0007401,-1833.670981,-1832.001043,1,0.56604,0.196266839
OG0007407,-6318.1111,-6303.675158,1,0.4759,0.000145008
OG0007409,-3968.718876,-3967.841563,1,0.81398,0.348938685
OG0007416,-4160.497465,-4149.575964,1,0.3723,0.000950546
OG0007422,-6178.542328,-6163.678476,1,0.42492,0.000115556
OG0007434,-2239.870988,-2236.577445,1,0.5952,0.069552789
OG0007437,-6302.23358,-6294.339862,1,0.56684,0.004960679
OG0007444,-6215.096802,-6210.377052,1,1.44931,0.029818078
OG0007451,-3629.034819,-3618.080673,1,0.39912,0.000933944
OG0007452,-4901.854768,-4881.630879,1,0.31475,6.89E-06
OG0007463,-4838.493369,-4837.257283,1,0.78511,0.266226713
OG0007471,-2177.041816,-2175.895355,1,0.72148,0.284291213
OG0007474,-4107.378799,-4106.882249,1,0.83972,0.481019957
OG0007486,-1809.622879,-1808.285173,1,0.67335,0.247438925
OG0007517,-4651.740985,-4648.695637,1,0.68822,0.080968761
OG0007537,-3284.796192,-3280.295343,1,0.5286,0.033878029
OG0007540,-4214.383805,-4212.741043,1,0.76578,0.199946932
OG0007560,-8762.210348,-8753.753048,1,0.62092,0.003635812
OG0007569,-2360.486635,-2359.022178,1,0.59949,0.226222295
OG0007576,-3972.693484,-3970.617067,1,0.70069,0.149590957
OG0007581,-6239.384973,-6234.526175,1,0.7024,0.027505493
OG0007586,-5684.555451,-5682.078553,1,0.72725,0.115529906
OG0007593,-2606.982679,-2606.916717,1,0.9436,0.797309482
OG0007632,-5797.988463,-5792.878921,1,0.65721,0.023794601
OG0007635,-3531.008247,-3524.253222,1,0.44979,0.009348404
OG0007637,-2360.905473,-2358.025804,1,0.45972,0.089704459
OG0007642,-4300.672029,-4295.356475,1,0.55772,0.021135872
OG0007658,-5519.369241,-5518.433478,1,0.80173,0.333369877
OG0007686,-4301.472962,-4301.472918,1,1.00172,0.994707471
OG0007696,-4053.183311,-4047.07109,1,0.52954,0.013425032
OG0007743,-4430.406915,-4420.302851,1,0.47614,0.001479427
OG0007746,-2354.648827,-2349.87483,1,0.4356,0.028892672
OG0007755,-5985.735979,-5980.560305,1,0.53534,0.022905284
OG0007759,-4743.891586,-4734.541582,1,0.41749,0.00222985
OG0007768,-4280.894692,-4278.733884,1,0.64675,0.141570229
OG0007770,-7751.013256,-7743.198625,1,0.60998,0.005182493
OG0007773,-2514.100205,-2511.359308,1,0.60065,0.097809849
OG0007781,-9291.357208,-9288.905102,1,0.76428,0.117367306
OG0007793,-3774.56798,-3747.374753,1,0.19056,1.84E-07
OG0007798,-3738.553431,-3737.91369,1,0.82425,0.4238046
OG0007808,-3567.66784,-3567.646071,1,0.96072,0.882703273
OG0007813,-3640.27145,-3634.688048,1,0.50879,0.018131469
OG0007914,-3454.783574,-3445.498869,1,0.48128,0.002310751
OG0007915,-7540.819869,-7522.88802,1,0.47853,2.29E-05
OG0007932,-1945.90943,-1937.222429,1,0.31119,0.003204875
OG0007934,-2730.808576,-2723.482645,1,0.42328,0.006796675
OG0007938,-5379.862224,-5373.446076,1,0.58997,0.01130872
OG0007939,-867.352954,-866.174163,1,1.67967,0.277602261
OG0007958,-2081.629645,-2077.460346,1,0.45496,0.041162827
OG0007960,-11985.13245,-11964.40341,1,0.51038,5.29E-06
OG0007969,-1016.320331,-1012.685823,1,0.18345,0.056593329
OG0007978,-1919.758647,-1916.346723,1,0.50356,0.064726938
OG0007981,-1417.642714,-1416.372264,1,0.64121,0.259682277
OG0007993,-1783.594328,-1774.850812,1,0.3674,0.003107049
OG0008004,-2768.26228,-2752.986625,1,0.29679,9.29E-05
OG0008011,-6120.994973,-6107.964515,1,0.45305,0.000306466
OG0008019,-4892.636288,-4871.51199,1,0.30739,4.30E-06
OG0008022,-8685.409488,-8662.092911,1,0.4818,1.37E-06
OG0008024,-2763.630428,-2763.528603,1,0.91821,0.749650458
OG0008032,-803.543265,-799.219489,1,1.74799,0.037583435
OG0008038,-1955.457377,-1955.45594,1,0.9883,0.969761208
OG0008039,-7083.200059,-7080.990837,1,0.80495,0.137187842
OG0008046,-4678.492523,-4675.719078,1,1.40689,0.095839693
OG0008052,-4467.490819,-4441.10154,1,0.27014,2.79E-07
OG0008058,-5236.411894,-5232.435837,1,0.66425,0.046151479
OG0008088,-10403.33778,-10402.51568,1,0.86116,0.364565723
OG0008112,-5361.722019,-5357.441707,1,0.61387,0.03855627
OG0008115,-2832.086813,-2829.896972,1,0.61694,0.138923656
OG0008124,-4792.259488,-4784.693491,1,0.54039,0.005947974
OG0008126,-7565.524358,-7556.074651,1,0.53105,0.002111828
OG0008128,-2155.60171,-2145.99936,1,0.36523,0.001943285
OG0008159,-2966.584382,-2960.627056,1,0.45125,0.014656253
OG0008170,-3358.261539,-3358.055258,1,0.91039,0.649698067
OG0008173,-4937.830828,-4933.375661,1,0.62398,0.034795814
OG0008186,-1767.767586,-1765.525318,1,0.5325,0.134283891
OG0008187,-7266.131143,-7251.834622,1,0.39879,0.000156153
OG0008223,-2091.898691,-2089.18281,1,0.53031,0.099354103
OG0008224,-2642.968451,-2638.424559,1,1.73487,0.033036397
OG0008226,-2582.886445,-2564.863139,1,2.29599,2.18E-05
OG0008230,-3817.514184,-3817.005238,1,0.83879,0.475595481
OG0008247,-4597.06682,-4596.600049,1,1.14814,0.494476422
OG0008249,-3127.459113,-3127.360768,1,1.07104,0.753824811
OG0008256,-786.284554,-783.973474,1,0.39173,0.128454771
OG0008258,-2057.954334,-2054.006556,1,0.50609,0.046933301
OG0008263,-6473.940857,-6456.190666,1,0.43941,2.52E-05
OG0008264,-1648.083359,-1641.520808,1,0.38027,0.010414696
OG0008266,-62.63378,-61.87542,1,1.62454,0.383842244
OG0008271,-3530.364795,-3528.860636,1,0.76294,0.220032539
OG0008275,-1870.392008,-1858.17254,1,0.23172,0.000472934
OG0008285,-2107.995568,-2104.664123,1,0.55873,0.067967136
OG0008295,-4417.073502,-4401.85285,1,0.38514,9.57E-05
OG0008298,-3634.127873,-3632.5689,1,0.74364,0.211815656
OG0008310,-4374.62442,-4367.070278,1,0.47091,0.00598723
OG0008406,-1676.002839,-1671.436287,1,0.39759,0.032602121
OG0008413,-4489.433862,-4489.427836,1,0.97818,0.938124514
OG0008420,-2902.001703,-2901.505315,1,0.7987,0.481091518
OG0008422,-3970.171532,-3965.973176,1,0.54366,0.040463189
OG0008431,-6032.466345,-6031.348614,1,0.8285,0.290407553
OG0008435,-2215.712673,-2209.879412,1,0.33674,0.015725946
OG0008436,-2848.114497,-2847.06314,1,0.70214,0.305194764
OG0008442,-2522.87195,-2518.190256,1,0.51915,0.030485672
OG0008446,-4580.833551,-4570.860534,1,0.44612,0.00158851
OG0008454,-2002.829683,-1987.18866,1,0.16092,7.66E-05
OG0008455,-327.884089,-326.651931,1,1.88686,0.266987769
OG0008459,-5179.056798,-5171.930096,1,0.48275,0.007594429
OG0008463,-5147.60861,-5139.24761,1,0.44829,0.003833595
OG0008467,-6984.56032,-6983.070614,1,0.72126,0.222262081
OG0008468,-6551.38458,-6542.806667,1,0.58268,0.003402651
OG0008469,-2640.155571,-2635.196463,1,0.47056,0.025953592
OG0008472,-3137.373134,-3115.135645,1,0.20348,2.41E-06
OG0008478,-2445.059104,-2437.227765,1,0.33415,0.005134805
OG0008488,-3067.850138,-3067.235394,1,0.76758,0.433007181
OG0008492,-4692.861116,-4689.764057,1,0.64842,0.07843387
OG0008500,-3431.01865,-3421.635121,1,0.41248,0.002189437
OG0008501,-3650.471088,-3650.033052,1,0.80992,0.508071921
OG0008507,-9267.428168,-9245.096659,1,0.40872,2.29E-06
OG0008513,-3061.065105,-3055.642703,1,0.49304,0.019879992
OG0008521,-9075.704908,-9057.807861,1,0.46813,2.33E-05
OG0008535,-7876.622749,-7871.832443,1,0.6511,0.028620342
OG0008536,-705.978807,-688.708347,1,4.79923,3.24E-05
OG0008537,-4880.747391,-4875.098264,1,0.52263,0.017464064
OG0008544,-2350.967338,-2347.617298,1,0.59399,0.06720338
OG0008549,-3481.651923,-3481.647614,1,1.01382,0.947662075
OG0008556,-3507.11503,-3502.817425,1,0.51314,0.038166085
OG0008562,-6984.263621,-6949.518568,1,0.31744,3.76E-09
OG0008563,-3284.7055,-3271.113244,1,0.32669,0.000227121
OG0008565,-5807.495914,-5794.206112,1,0.45502,0.000266854
OG0008566,-5902.952092,-5894.139604,1,0.48162,0.002991758
OG0008572,-4513.373879,-4511.732284,1,0.72668,0.200106768
OG0008581,-6908.620999,-6884.531042,1,0.38515,9.19E-07
OG0008588,-4557.031546,-4523.395714,1,0.26258,6.65E-09
OG0008591,-5663.707017,-5660.288573,1,0.66884,0.064471754
OG0008602,-6769.673163,-6768.839581,1,0.87551,0.361238797
OG0008612,-2817.712827,-2802.52404,1,0.23809,9.73E-05
OG0008617,-3069.98667,-3059.824797,1,0.38451,0.001433749
OG0008626,-5376.428347,-5370.117119,1,0.55198,0.011997571
OG0008627,-755.471375,-753.266537,1,0.15068,0.137578346
OG0008635,-6161.22742,-6149.332309,1,0.49854,0.000562815
OG0008636,-422.602721,-422.467003,1,2.05688,0.712575564
OG0008638,-9507.141053,-9485.943296,1,0.42147,4.14E-06
OG0008647,-4540.97817,-4537.853713,1,0.68766,0.077125563
OG0008653,-1812.802475,-1812.324188,1,0.76133,0.489199261
OG0008664,-4654.820178,-4649.440192,1,0.5323,0.020369042
OG0008665,-6694.23965,-6688.386192,1,0.52918,0.015546473
OG0008667,-1435.852212,-1435.669045,1,0.82042,0.66866558
OG0008671,-1535.518418,-1529.503414,1,0.24849,0.014184746
OG0008679,-6731.147625,-6718.551827,1,0.43884,0.000386615
OG0008683,-5132.868353,-5126.805325,1,0.57735,0.01380408
OG0008698,-2872.179952,-2866.906727,1,0.44763,0.021655857
OG0008702,-4414.003333,-4400.199486,1,0.324,0.00020292
OG0008713,-4303.088806,-4292.36413,1,0.50379,0.001057162
OG0008714,-3544.190133,-3531.29049,1,0.36082,0.000328645
OG0008718,-2575.65456,-2568.325907,1,0.41362,0.006786389
OG0008720,-4961.814915,-4956.74206,1,0.54262,0.024303324
OG0008721,-4570.020672,-4558.963166,1,0.38324,0.000883289
OG0008722,-2659.244287,-2653.658086,1,0.35263,0.018102516
OG0008725,-1006.249325,-1006.1987,1,0.86946,0.821979274
OG0008728,-5873.357118,-5862.334149,1,0.49973,0.000899898
OG0008730,-2305.71884,-2299.019754,1,0.39966,0.009646235
OG0008734,-7381.433855,-7373.849213,1,0.51783,0.005886765
OG0008736,-2944.727214,-2935.913015,1,0.41162,0.002988954
OG0008737,-1595.80253,-1584.367741,1,0.28533,0.000720817
OG0008742,-4945.828653,-4945.629145,1,1.08636,0.655118268
OG0008746,-9599.870844,-9553.588543,1,0.28564,1.02E-11
OG0008747,-3366.856268,-3366.225444,1,1.22278,0.427053226
OG0008764,-1458.401122,-1455.924914,1,0.52387,0.115580612
OG0008766,-2168.609328,-2168.218916,1,0.83926,0.532082917
OG0008767,-2166.451426,-2158.499715,1,0.36368,0.004804194
OG0008771,-2813.740431,-2807.775455,1,0.49948,0.014592799
OG0008776,-4695.13086,-4694.981374,1,1.0629,0.69902704
OG0008779,-3693.877234,-3693.775723,1,0.94906,0.750023855
OG0008791,-2157.664298,-2151.825348,1,0.44996,0.015675178
OG0008792,-5634.15892,-5619.749786,1,0.44218,0.000147087
OG0008793,-4034.000615,-4027.673944,1,0.49302,0.011893537
OG0008794,-2208.125067,-2207.518172,1,0.75291,0.435959298
OG0008797,-3041.682263,-3035.557902,1,0.4455,0.013333147
OG0008799,-3079.272089,-3078.119079,1,0.73168,0.282919937
OG0008801,-3590.472939,-3586.305682,1,0.60149,0.04121247
OG0008802,-6033.057721,-6023.232902,1,0.51571,0.001721726
OG0008804,-1422.419855,-1419.092209,1,0.46015,0.068124312
OG0008811,-1006.249134,-1003.316585,1,0.41209,0.086810331
OG0008813,-1722.63932,-1713.550743,1,1.73796,0.002572109
OG0008817,-2037.594991,-2033.911995,1,0.3428,0.054969992
OG0008818,-3831.529242,-3830.923903,1,0.82404,0.436548176
OG0008820,-4745.676111,-4741.223824,1,0.60793,0.034854539
OG0008821,-3746.822877,-3736.393202,1,0.32148,0.001240066
OG0008826,-5036.63641,-5026.391983,1,0.46872,0.001370982
OG0008833,-4195.499816,-4190.820282,1,0.56278,0.030524028
OG0008834,-5539.063032,-5514.295472,1,0.32656,6.47E-07
OG0008843,-1039.778815,-1039.552934,1,0.79745,0.634594969
OG0008844,-3403.947756,-3400.411089,1,0.58356,0.060025967
OG0008848,-3086.832487,-3079.47069,1,1.8491,0.006662417
OG0008855,-6195.884056,-6183.835074,1,0.45293,0.000518207
OG0008857,-2838.096366,-2831.854948,1,0.39718,0.012479652
OG0008859,-3806.998844,-3806.027632,1,0.77983,0.324378096
OG0008866,-6617.011671,-6590.962325,1,0.35236,3.33E-07
OG0008867,-3255.40633,-3255.240143,1,1.12716,0.683523016
OG0008871,-7184.529925,-7175.225841,1,0.51226,0.002286436
OG0008881,-1573.997925,-1572.828758,1,0.49741,0.279572466
OG0008882,-4119.763034,-4116.360437,1,0.65525,0.065093859
OG0008934,-4811.66922,-4799.622059,1,0.45679,0.000518713
OG0008935,-6123.607975,-6089.172289,1,0.13249,4.41E-09
OG0008937,-4228.621313,-4211.437243,1,0.27088,3.39E-05
OG0008939,-3292.956007,-3287.966182,1,0.54183,0.025496787
OG0008940,-2093.504767,-2085.183228,1,0.28409,0.003917771
OG0008941,-4809.563718,-4795.330644,1,0.41053,0.000161507
OG0008945,-3465.225581,-3447.243425,1,0.28235,2.23E-05
OG0008946,-1906.013146,-1905.204783,1,1.23749,0.368604673
OG0008947,-2076.892159,-2073.743513,1,0.55915,0.075989994
OG0008950,-2707.767779,-2701.181837,1,0.37517,0.010278721
OG0008953,-5839.265981,-5811.471182,1,0.23528,1.35E-07
OG0008954,-4170.193856,-4168.315743,1,1.29686,0.170548773
OG0008958,-2987.159028,-2985.962584,1,0.69082,0.274033568
OG0008960,-3250.412479,-3248.309677,1,0.67173,0.147029482
OG0008967,-7309.45851,-7290.090858,1,0.37312,1.08E-05
OG0008968,-4110.691868,-4108.650791,1,0.71269,0.153101215
OG0008970,-3193.404789,-3188.508127,1,0.46792,0.026908661
OG0008971,-5516.031346,-5509.804643,1,0.53726,0.012583782
OG0008972,-357.077436,-355.000708,1,2.17586,0.149560472
OG0008973,-2958.233684,-2938.752428,1,0.16184,1.02E-05
OG0008974,-2486.123176,-2485.940038,1,0.8882,0.668690248
OG0008975,-5890.602584,-5882.680055,1,0.48084,0.004882298
OG0008977,-3880.009817,-3878.513075,1,0.69548,0.22117334
OG0008979,-5205.32608,-5192.636062,1,0.41799,0.000367613
OG0008980,-4625.253291,-4618.726711,1,0.56321,0.01062741
OG0008981,-4181.205627,-4178.955351,1,0.65903,0.133590574
OG0008982,-4881.645901,-4874.300083,1,0.49439,0.006721894
OG0008987,-6101.694612,-6091.778939,1,0.51224,0.001638772
OG0008989,-1076.468923,-1074.511213,1,0.47635,0.161758442
OG0008997,-4269.135201,-4263.485804,1,0.47448,0.017461376
OG0009001,-2398.398167,-2396.163582,1,0.5612,0.134952854
OG0009002,-1138.525574,-1136.968444,1,1.45654,0.212085939
OG0009005,-3120.10807,-3118.408658,1,0.72859,0.192364893
OG0009006,-6493.837685,-6492.178109,1,0.7777,0.197660581
OG0009007,-5000.81297,-4985.978459,1,0.36701,0.000117368
OG0009011,-3826.236855,-3823.112029,1,0.60377,0.077108103
OG0009012,-1642.967624,-1634.486204,1,0.25582,0.003587919
OG0009016,-2965.910365,-2965.803969,1,1.10058,0.744285148
OG0009022,-3224.766645,-3220.447972,1,1.75683,0.037696308
OG0009023,-3519.725655,-3505.929167,1,0.33328,0.000203717
OG0009025,-4695.563246,-4695.541238,1,0.96453,0.882065819
OG0009026,-3237.898882,-3235.63541,1,0.65739,0.132456799
OG0009027,-5427.037785,-5423.397102,1,0.65133,0.056383799
OG0009028,-4419.116308,-4407.547058,1,0.4313,0.000670515
OG0009031,-853.505207,-853.493516,1,0.93726,0.913896595
OG0009033,-6219.167074,-6214.357866,1,0.64091,0.028308053
OG0009036,-2198.286773,-2179.990671,1,0.28862,1.89E-05
OG0009037,-2592.658539,-2577.812087,1,0.28081,0.000116627
OG0009040,-2302.165108,-2290.74168,1,0.28325,0.000725238
OG0009041,-2736.140923,-2726.751234,1,0.3691,0.002182092
OG0009042,-3296.50509,-3289.824414,1,0.47176,0.009746366
OG0009047,-5400.701439,-5398.320987,1,0.72352,0.122861994
OG0009048,-4782.954852,-4773.71235,1,0.41724,0.002364616
OG0009050,-8634.786947,-8622.299977,1,0.52785,0.0004098
OG0009051,-7145.977464,-7130.670336,1,0.4556,9.14E-05
OG0009052,-3496.453325,-3492.971445,1,0.53949,0.062044215
OG0009053,-6288.489,-6286.693133,1,1.23554,0.180212959
OG0009055,-5801.869451,-5791.684917,1,0.48768,0.001416235
OG0009057,-3064.80327,-3059.004293,1,0.47742,0.016035502
OG0009059,-314.070028,-311.824459,1,2.8777,0.13399761
OG0009060,-1805.832407,-1801.982686,1,0.44369,0.049754266
OG0009062,-9217.032758,-9211.83629,1,0.65759,0.022632831
OG0009065,-4783.068551,-4755.708683,1,0.28792,1.69E-07
OG0009070,-10554.49171,-10537.91632,1,0.41247,4.68E-05
OG0009071,-3744.15361,-3740.824605,1,0.57712,0.068068042
OG0009072,-1823.540786,-1813.926183,1,0.25533,0.001930362
OG0009074,-1804.112219,-1798.403382,1,0.44381,0.016879719
OG0009077,-8252.403491,-8248.265925,1,0.7142,0.041941435
OG0009078,-5233.368551,-5223.637937,1,0.4969,0.001812239
OG0009079,-4210.870023,-4202.646869,1,0.48297,0.004135926
OG0009082,-1945.722512,-1937.781728,1,0.38251,0.004833289
OG0009083,-2165.753833,-2160.595303,1,0.43721,0.023132468
OG0009084,-4235.973813,-4231.700909,1,0.63561,0.038724696
OG0009085,-4415.547816,-4411.648273,1,0.61218,0.048299244
OG0009086,-2120.136471,-2116.517544,1,0.57093,0.057125706
OG0009087,-675.80816,-675.800829,1,0.95689,0.931767498
OG0009088,-3165.070767,-3160.971689,1,0.56523,0.042906606
OG0009089,-5452.098436,-5431.135754,1,0.29508,4.68E-06
OG0009090,-6255.976797,-6247.400364,1,0.50219,0.003405418
OG0009091,-5013.82341,-5003.196051,1,0.4551,0.001114267
OG0009093,-3638.560924,-3636.695635,1,0.75905,0.172015613
OG0009095,-4260.041935,-4255.224365,1,0.56971,0.028171034
OG0009096,-4536.105107,-4523.762768,1,0.42234,0.0004428
OG0009099,-4882.131539,-4870.229749,1,0.43058,0.0005608
OG0009102,-3009.871761,-3003.097765,1,0.48675,0.009249551
OG0009108,-4179.901757,-4174.081336,1,0.53575,0.015841153
OG0009109,-4968.927531,-4958.061153,1,0.48118,0.000979259
OG0009110,-2178.041174,-2172.683464,1,0.45629,0.020630847
OG0009116,-6989.40579,-6979.618613,1,0.557,0.00175733
OG0009119,-4414.4135,-4399.550157,1,0.37751,0.000115587
OG0009120,-4275.44331,-4257.112704,1,0.27749,1.86E-05
OG0009122,-570.705448,-568.22403,1,0.34786,0.115198352
OG0009123,-2781.556538,-2774.970084,1,0.39548,0.010275765
OG0009125,-2274.293718,-2268.580944,1,1.89877,0.016841906
OG0009137,-3515.778093,-3510.953749,1,0.53063,0.028060541
OG0009139,-4420.801085,-4401.431996,1,0.29427,1.08E-05
OG0009140,-6386.659073,-6373.381702,1,0.44765,0.000268629
OG0009144,-2019.744921,-2013.660034,1,0.4051,0.013634309
OG0009146,-3894.305445,-3890.257508,1,0.57739,0.04422536
OG0009148,-4794.558624,-4793.398256,1,0.77368,0.281389234
OG0009149,-2908.253711,-2897.541672,1,0.26235,0.001064407
OG0009154,-2692.779604,-2690.438501,1,0.60477,0.126000309
OG0009156,-4073.989456,-4069.906625,1,0.5583,0.043321019
OG0009158,-5875.393902,-5872.527905,1,0.70116,0.090469635
OG0009160,-4998.556543,-4989.612429,1,0.48472,0.002783651
OG0009161,-4345.702299,-4345.682591,1,1.02951,0.888355663
OG0009163,-5909.001234,-5908.137163,1,0.8275,0.352601953
OG0009165,-5838.773236,-5834.150067,1,0.63219,0.031542911
OG0009169,-4611.535947,-4605.098527,1,0.52587,0.011174082
OG0009171,-4133.554438,-4133.176659,1,0.8763,0.538794281
OG0009173,-2332.134978,-2328.809248,1,0.60268,0.06820373
OG0009175,-3378.63016,-3376.585046,1,0.64708,0.152695545
OG0009178,-4574.034987,-4568.218255,1,0.59795,0.015874413
OG0009180,-6291.468247,-6269.648518,1,0.35583,3.00E-06
OG0009181,-3355.468678,-3344.044034,1,0.31564,0.000724763
OG0009183,-4968.46669,-4956.69965,1,0.43629,0.000602888
OG0009184,-2816.099727,-2812.806893,1,0.60205,0.069582824
OG0009189,-3201.168442,-3198.489021,1,0.62571,0.101652682
OG0009196,-1106.31434,-1105.216737,1,0.59879,0.294792748
OG0009197,-6451.065972,-6437.64798,1,0.50254,0.000249222
OG0009199,-2985.60949,-2977.942998,1,0.39929,0.005625572
OG0009202,-10137.74882,-10090.89703,1,0.31699,7.66E-12
OG0009203,-7347.945186,-7347.922775,1,1.02232,0.88099891
OG0009204,-3510.886292,-3491.148038,1,0.2375,8.88E-06
OG0009205,-4204.860395,-4197.466087,1,0.46863,0.006543059
OG0009207,-4613.315452,-4612.063828,1,0.77881,0.263242529
OG0009208,-6933.139586,-6902.400091,1,0.29024,2.95E-08
OG0009209,-8250.756361,-8230.56265,1,0.46669,7.00E-06
OG0009211,-2170.297219,-2164.601989,1,0.34817,0.017011083
OG0009214,-3772.779584,-3771.460872,1,0.75548,0.250823337
OG0009216,-3591.063287,-3589.334044,1,0.67176,0.188507602
OG0009217,-3892.5252,-3872.045673,1,0.25595,6.03E-06
OG0009219,-5726.093595,-5717.526606,1,0.51506,0.003423128
OG0009220,-3035.815661,-3035.214844,1,0.80726,0.438266473
OG0009225,-3068.698958,-3068.506964,1,0.88504,0.661262185
OG0009227,-6733.972068,-6708.402565,1,0.36335,4.27E-07
OG0009228,-5876.985217,-5875.083415,1,0.72959,0.167876757
OG0009230,-4592.36938,-4583.493492,1,0.44953,0.002889617
OG0009231,-2185.651818,-2181.801722,1,0.48364,0.049743144
OG0009232,-1771.140323,-1770.550045,1,0.70135,0.442311638
OG0009235,-5504.231757,-5503.106621,1,0.8027,0.288815222
OG0009236,-2909.200766,-2905.077923,1,0.49079,0.042307923
OG0009237,-1273.162846,-1273.118122,1,1.08836,0.83251235
OG0009238,-4855.501124,-4843.953635,1,0.42592,0.000678408
OG0009239,-7608.678644,-7604.257139,1,0.59391,0.035488722
OG0009240,-1392.774749,-1392.736282,1,1.06905,0.84450837
OG0009241,-4938.666587,-4933.111824,1,0.56355,0.018430468
OG0009243,-2964.655492,-2951.68556,1,0.30975,0.000316534
OG0009245,-5100.199143,-5089.469645,1,0.41379,0.00105441
OG0009279,-2314.403325,-2300.986392,1,0.15623,0.000249363
OG0009281,-3311.504037,-3306.960339,1,0.58219,0.033040141
OG0009284,-3585.428972,-3580.468538,1,0.56326,0.025933698
OG0009285,-7848.693647,-7842.04632,1,0.55916,0.009930469
OG0009286,-6064.194113,-6063.696113,1,1.11586,0.480380225
OG0009287,-1960.38932,-1957.88097,1,0.54713,0.113244445
OG0009288,-6686.843682,-6686.411327,1,0.85335,0.510835642
OG0009291,-2374.946845,-2374.860345,1,1.098,0.768674749
OG0009292,-6788.981187,-6776.50741,1,0.45245,0.000412705
OG0009293,-3284.38045,-3282.27433,1,0.68278,0.146710888
OG0009294,-3537.297864,-3527.274238,1,0.42012,0.001545449
OG0009299,-3650.946972,-3648.426605,1,0.67782,0.112384426
OG0009301,-9182.452816,-9175.386305,1,0.62275,0.007853805
OG0009303,-2812.32921,-2808.081016,1,0.46201,0.039292094
OG0009304,-2406.197801,-2404.668836,1,0.53361,0.216267846
OG0009305,-3999.892542,-3982.863953,1,0.33003,3.68E-05
OG0009307,-1141.056413,-1141.052461,1,1.04616,0.949874058
OG0009308,-1662.352081,-1658.024284,1,0.39849,0.037494744
OG0009310,-4744.807075,-4736.120296,1,0.47225,0.003205266
OG0009311,-1771.679684,-1768.343425,1,0.52753,0.067768524
OG0009312,-4752.451139,-4751.520343,1,0.80055,0.33465617
OG0009319,-3202.65867,-3189.129501,1,0.30608,0.000234884
OG0009321,-4619.678088,-4614.372514,1,0.56695,0.021257294
OG0009324,-4271.383304,-4257.052587,1,0.3102,0.000153342
OG0009325,-5110.480638,-5088.727964,1,0.26006,3.10E-06
OG0009327,-1109.785491,-1106.024037,1,0.23965,0.052446953
OG0009328,-3890.793575,-3883.528447,1,0.41838,0.007030626
OG0009329,-702.503949,-695.076143,1,2.37553,0.00642236
OG0009332,-1723.40113,-1715.336965,1,0.32203,0.004514928
OG0009333,-1810.299061,-1807.757391,1,0.50615,0.110877458
OG0009335,-5687.097775,-5687.010123,1,0.95103,0.767183646
OG0009337,-1783.721472,-1775.228883,1,0.24355,0.00356596
OG0009339,-3778.004556,-3769.82447,1,0.43446,0.004235275
OG0009342,-3340.034659,-3340.022524,1,0.96917,0.912283297
OG0009343,-2618.291693,-2607.172296,1,0.28622,0.000854296
OG0009345,-5389.399089,-5387.105891,1,0.70598,0.129941941
OG0009346,-7618.322737,-7599.43472,1,0.42609,1.39E-05
OG0009348,-1492.084886,-1483.515464,1,0.32382,0.003418557
OG0009349,-3204.941582,-3202.90186,1,0.60797,0.153237649
OG0009350,-6450.482212,-6437.590567,1,0.46036,0.000330052
OG0009351,-5712.358262,-5692.98955,1,0.37979,1.08E-05
OG0009353,-4840.355823,-4839.427035,1,0.795,0.335178061
OG0009354,-3690.908932,-3685.905961,1,0.55793,0.025303847
OG0009355,-3884.485096,-3884.269545,1,0.86817,0.642450946
OG0009356,-1111.771921,-1111.740886,1,1.08652,0.860162326
OG0009357,-2293.759547,-2293.554381,1,0.85373,0.65058292
OG0009358,-7379.086156,-7362.966182,1,0.49213,5.95E-05
OG0009360,-3040.983285,-3037.630026,1,0.53662,0.0670721
OG0009361,-1756.029374,-1753.877359,1,0.46241,0.142382917
OG0009362,-6149.663519,-6137.132852,1,0.49456,0.000400327
OG0009364,-7009.987358,-6996.065623,1,0.48834,0.000190582
OG0009365,-5792.026217,-5787.259451,1,0.63016,0.029014279
OG0009366,-3008.151208,-3007.97154,1,1.11493,0.671658711
OG0009367,-2044.122447,-2042.562052,1,0.61687,0.211607394
OG0009369,-10465.26002,-10454.77394,1,0.60722,0.001202773
OG0009370,-4759.011088,-4752.986244,1,0.5196,0.014105878
OG0009371,-1688.879185,-1688.461621,1,0.79374,0.51815507
OG0009374,-4584.99783,-4569.632764,1,0.35863,8.86E-05
OG0009376,-2066.032095,-2064.778089,1,0.65572,0.26278873
OG0009384,-1797.963814,-1797.343243,1,0.79036,0.430835178
OG0009385,-3948.742321,-3948.301879,1,0.84088,0.506909198
OG0009386,-2209.958221,-2191.869447,1,0.16252,2.11E-05
OG0009387,-2126.68646,-2123.346344,1,0.5366,0.067609842
OG0009388,-2201.640207,-2200.20171,1,0.63485,0.230382713
OG0009475,-2224.239704,-2223.016549,1,0.70056,0.26874237
OG0009477,-1810.508289,-1807.892609,1,0.56856,0.105812158
OG0009480,-3499.280543,-3496.891462,1,0.63176,0.122185439
OG0009482,-6175.25725,-6169.832904,1,0.56252,0.019857872
OG0009483,-10101.45108,-10085.53231,1,0.54913,6.61E-05
OG0009484,-6310.75719,-6309.036923,1,0.7205,0.18965868
OG0009485,-4493.730875,-4490.659949,1,0.64951,0.079704059
OG0009486,-3116.859898,-3108.178896,1,0.38552,0.003215442
OG0009489,-3833.989759,-3826.0914,1,0.47139,0.004947967
OG0009490,-5993.677756,-5988.806476,1,0.59549,0.027307239
OG0009491,-726.903103,-723.515139,1,0.36557,0.065673998
OG0009492,-2669.574686,-2663.41491,1,0.41981,0.013068776
OG0009496,-2107.585625,-2107.027691,1,0.72992,0.455093865
OG0009497,-2694.952289,-2689.374169,1,0.50917,0.018186235
OG0009498,-4652.348368,-4645.537525,1,0.5532,0.009060598
OG0009499,-4723.651292,-4718.304381,1,0.55321,0.020759017
OG0009501,-2997.51585,-2995.967696,1,0.70739,0.213408167
OG0009504,-5496.027614,-5492.574866,1,0.67164,0.063146701
OG0009506,-6062.26552,-6055.250594,1,0.56581,0.008083297
OG0009509,-5760.040056,-5746.264483,1,0.46249,0.000205997
OG0009512,-3438.428075,-3435.127792,1,0.55834,0.069267948
OG0009513,-696.418843,-693.664268,1,0.30963,0.096976583
OG0009514,-4572.122488,-4564.13055,1,0.45208,0.004698609
OG0009517,-2653.244044,-2643.510958,1,0.33838,0.001809804
OG0009518,-2997.450738,-2993.574128,1,0.54759,0.048963328
OG0009520,-3671.006144,-3670.593373,1,0.82626,0.520566395
OG0009523,-7594.710953,-7575.037619,1,0.3732,9.19E-06
OG0009528,-3096.320121,-3093.19918,1,0.54942,0.077292137
OG0009529,-4593.889414,-4575.46738,1,0.32363,1.77E-05
OG0009532,-4265.110808,-4259.745005,1,0.55508,0.020535332
OG0009535,-2803.790976,-2801.494711,1,0.56226,0.129685515
OG0009537,-7396.085668,-7394.214001,1,0.77007,0.171284278
OG0009538,-2744.373515,-2743.117427,1,0.65185,0.26239288
OG0009543,-3046.911254,-3041.234687,1,0.46686,0.017192976
OG0009544,-6228.786589,-6218.252397,1,0.51577,0.001171861
OG0009546,-3370.051852,-3360.686537,1,0.40678,0.0022113
OG0009547,-8445.579157,-8424.107937,1,0.33919,3.59E-06
OG0009551,-3186.166154,-3185.052151,1,0.74739,0.291213438
OG0009552,-1997.920293,-1997.154331,1,0.72714,0.381469146
OG0009554,-4627.720488,-4605.76128,1,0.2786,2.79E-06
OG0009555,-1837.078548,-1837.063209,1,1.03949,0.901433475
OG0009556,-4003.829255,-3996.19398,1,0.4489,0.005723766
OG0009558,-3455.571195,-3454.47237,1,0.72733,0.294524112
OG0009562,-4437.787132,-4437.654479,1,0.91886,0.715697022
OG0009564,-5500.420356,-5488.255617,1,0.46695,0.000487015
OG0009565,-1891.098214,-1890.645946,1,0.74405,0.501259881
OG0009566,-3959.201814,-3954.340449,1,0.50802,0.027464599
OG0009568,-5683.699097,-5679.358929,1,0.6131,0.03722325
OG0009570,-2896.013197,-2889.986891,1,0.41072,0.014094199
OG0009579,-8931.354457,-8925.462307,1,1.32344,0.015208521
OG0009582,-5818.510229,-5803.836975,1,0.42588,0.000127848
OG0009583,-3813.362309,-3799.983813,1,0.29015,0.000254526
OG0009584,-5003.150677,-5002.626266,1,0.86321,0.468966116
OG0009585,-4069.323154,-4064.074974,1,0.55764,0.021969739
OG0009588,-2049.475728,-2047.798349,1,0.62449,0.195273086
OG0009590,-4250.098566,-4246.073226,1,0.58959,0.044821585
OG0009594,-2943.236143,-2938.728719,1,0.5357,0.03374803
OG0009595,-1552.341813,-1550.988915,1,1.37818,0.244772123
OG0009596,-3979.510988,-3976.77163,1,0.64343,0.097904093
OG0009598,-5086.319257,-5066.423917,1,0.32591,8.18E-06
OG0009601,-6123.91367,-6110.110927,1,0.4363,0.00020304
OG0009603,-6055.629871,-6055.520689,1,0.94025,0.741077346
OG0009606,-2478.007636,-2474.891168,1,0.56476,0.07750461
OG0009608,-2536.248951,-2527.729437,1,0.32516,0.003513583
OG0009610,-3509.588692,-3490.733517,1,0.23947,1.41E-05
OG0009613,-2937.949949,-2930.292787,1,0.37531,0.005654739
OG0009618,-11723.69951,-11718.92299,1,0.69461,0.028850283
OG0009625,-3835.404868,-3811.505173,1,0.2301,1.01E-06
OG0009628,-3971.439478,-3971.418329,1,0.96337,0.884373782
OG0009630,-3332.649789,-3324.268198,1,0.41077,0.003790405
OG0009634,-4135.250846,-4135.222516,1,0.95648,0.866335332
OG0009637,-2058.629075,-2053.413477,1,0.41005,0.022385147
OG0009639,-3825.999599,-3819.763901,1,0.56877,0.012520024
OG0009642,-1374.095043,-1368.214849,1,0.28124,0.015312134
OG0009643,-3310.611066,-3305.851301,1,0.50713,0.029132525
OG0009645,-3877.48314,-3872.734301,1,0.55683,0.029318069
OG0009646,-3347.264985,-3338.698788,1,0.43741,0.003424617
OG0009647,-3706.931315,-3704.900428,1,0.66168,0.15413063
OG0009652,-4262.058909,-4258.058806,1,0.64057,0.045497483
OG0009654,-1344.704886,-1344.517808,1,0.82333,0.665359782
OG0009658,-6001.247718,-6001.247452,1,1.00362,0.986987474
OG0009659,-2200.86864,-2200.573783,1,0.87317,0.587124731
OG0009662,-5122.095221,-5121.907227,1,0.89681,0.664591464
OG0009663,-2247.544608,-2247.479377,1,0.91952,0.798411389
OG0009666,-6278.453553,-6274.073025,1,0.65894,0.036351735
OG0009668,-1832.944584,-1831.454616,1,0.68126,0.222221425
OG0009670,-4536.818409,-4523.582184,1,0.34722,0.00027459
OG0009671,-4309.395038,-4300.76754,1,0.4374,0.003311261
OG0009673,-3307.332503,-3304.139255,1,0.54901,0.073942961
OG0009675,-4246.944088,-4242.385858,1,0.53741,0.032760914
OG0009677,-5855.495815,-5847.444728,1,0.52533,0.004547636
OG0009679,-2662.853498,-2653.750017,1,0.34933,0.002551235
OG0009680,-1701.603723,-1700.477512,1,0.66236,0.288584985
OG0009685,-6268.124049,-6267.729396,1,1.13033,0.529863672
OG0009686,-7920.848902,-7909.750496,1,0.57056,0.00086402
OG0009688,-1245.392873,-1235.518056,1,0.14388,0.001675563
OG0009693,-4621.435831,-4610.020066,1,0.36181,0.000728235
OG0009695,-5494.125134,-5493.086754,1,0.78669,0.308198541
OG0009697,-2908.70524,-2907.204145,1,0.63905,0.220502955
OG0009698,-6868.390107,-6859.423645,1,1.52234,0.002749806
OG0009701,-10004.80994,-9983.130045,1,0.43775,3.22E-06
OG0009703,-3763.434428,-3760.155832,1,0.57914,0.070188949
OG0009704,-7708.663635,-7706.204757,1,0.74857,0.116862232
OG0009706,-2378.661869,-2371.494079,1,0.39077,0.007422416
OG0009709,-1633.170169,-1632.010373,1,0.68754,0.281507852
OG0009711,-2178.803335,-2178.401377,1,0.79913,0.526079793
OG0009714,-7269.148723,-7268.645782,1,0.87623,0.478210715
OG0009718,-5131.491228,-5106.378012,1,0.31498,5.41E-07
OG0009719,-2721.519272,-2718.341036,1,0.57639,0.074625253
OG0009721,-8954.494313,-8948.759797,1,0.66463,0.016634652
OG0009722,-3206.638986,-3198.604128,1,0.41284,0.004588561
OG0009724,-8829.979811,-8811.510563,1,0.47581,1.73E-05
OG0009726,-5890.357889,-5873.764441,1,0.34096,4.63E-05
OG0009727,-3706.123466,-3694.865486,1,0.38265,0.000792814
OG0009728,-3610.470835,-3604.147243,1,0.50939,0.011914205
OG0009730,-3500.64789,-3499.296577,1,0.6417,0.245048707
OG0009731,-6284.27848,-6267.725098,1,0.38036,4.73E-05
OG0009732,-2326.621792,-2321.36113,1,0.43402,0.02181272
OG0009734,-4713.197487,-4704.860646,1,0.46762,0.003884909
OG0009736,-5137.65821,-5133.137002,1,0.63119,0.033477186
OG0009739,-3373.291067,-3363.432955,1,0.28627,0.001690845
OG0009741,-3370.949498,-3358.393546,1,0.32935,0.000394946
OG0009742,-6453.320977,-6438.683526,1,0.42974,0.000130299
OG0009743,-2112.110696,-2108.324141,1,0.50487,0.051665883
OG0009745,-4062.86608,-4055.248631,1,0.51791,0.00578062
OG0009749,-2928.061422,-2916.491145,1,0.26368,0.000670144
OG0009765,-4136.03668,-4115.349777,1,0.24629,5.41E-06
OG0009768,-6203.783183,-6194.259829,1,0.52196,0.002028735
OG0009769,-4940.751962,-4940.255848,1,1.13021,0.481212592
OG0009778,-2566.313915,-2564.520283,1,0.70164,0.180484265
OG0009784,-4366.884326,-4366.673817,1,0.90307,0.646368747
OG0009785,-3814.261532,-3812.849598,1,0.71739,0.234735603
OG0009787,-4352.270612,-4352.146211,1,0.9296,0.724309416
OG0009788,-2271.510136,-2271.435294,1,1.11404,0.784413047
OG0009790,-7961.757543,-7937.813549,1,0.40003,9.92E-07
OG0009791,-3975.921507,-3972.441058,1,0.60107,0.062097888
OG0009795,-2609.348904,-2597.807207,1,0.33142,0.000680525
OG0009796,-2241.247915,-2226.191925,1,0.172,0.000104369
OG0009798,-4217.710488,-4217.672227,1,0.94651,0.844919979
OG0009800,-1584.410658,-1583.629183,1,0.71429,0.376690412
OG0009803,-2302.176869,-2302.106812,1,0.91327,0.791253806
OG0009805,-1304.058532,-1299.711209,1,0.33297,0.037067167
OG0009806,-1658.994558,-1656.020271,1,0.52443,0.084597396
OG0009807,-1843.385148,-1836.988732,1,0.31399,0.011435098
OG0009808,-4942.740406,-4934.821172,1,0.51265,0.004891198
OG0009812,-10330.84626,-10320.66137,1,0.60237,0.001415962
OG0009814,-1840.094934,-1837.227742,1,0.57465,0.090402473
OG0009815,-4189.516828,-4177.972636,1,0.39761,0.000679612
OG0009816,-1434.788423,-1430.247262,1,0.19564,0.033089142
OG0009817,-4885.728136,-4884.947485,1,0.83042,0.376942115
OG0009820,-2561.395775,-2552.031537,1,0.30712,0.0022126
OG0009824,-2128.477529,-2116.903681,1,0.31461,0.000668859
OG0009825,-2063.391098,-2061.286372,1,0.53594,0.146844645
OG0009829,-2934.263407,-2934.097816,1,0.8785,0.684060326
OG0009830,-4741.796625,-4738.807877,1,0.62137,0.083844971
OG0009831,-2018.566456,-2018.419857,1,0.78033,0.701806896
OG0009833,-7420.243577,-7419.734694,1,0.86599,0.475622797
OG0009835,-2811.465196,-2806.486166,1,0.43051,0.025656365
OG0009836,-4820.506755,-4818.557538,1,0.74174,0.162671251
OG0009838,-5510.076543,-5504.271555,1,0.60501,0.015980777
OG0009840,-1268.349226,-1264.958228,1,0.31189,0.06555326
OG0009841,-3032.276572,-3028.828562,1,0.53328,0.063327973
OG0009842,-2883.537532,-2874.806301,1,0.31723,0.003128052
OG0009843,-6382.5701,-6381.258033,1,0.78823,0.252020755
OG0009844,-5027.28531,-5020.857585,1,0.57729,0.01123524
OG0009845,-5222.540266,-5215.545168,1,0.53297,0.008173323
OG0009846,-1955.770023,-1951.148823,1,0.4922,0.031579138
OG0009849,-5026.588022,-5022.275693,1,0.6839,0.037837126
OG0009850,-3091.228845,-3090.04581,1,0.7106,0.276738995
OG0009851,-2397.052407,-2389.465319,1,0.33002,0.005878783
OG0009852,-2420.504251,-2414.139653,1,0.53426,0.011641947
OG0009853,-5105.101489,-5095.795631,1,0.48834,0.002284223
OG0009858,-3220.714497,-3217.742224,1,0.60525,0.084702765
OG0009860,-8092.215395,-8071.938725,1,0.42372,6.70E-06
OG0009861,-3930.75579,-3928.765585,1,0.61973,0.158319446
OG0009862,-4513.815572,-4513.343175,1,0.84422,0.491886498
OG0009863,-6690.695745,-6675.148583,1,0.45802,8.05E-05
OG0009864,-1980.965253,-1977.679921,1,0.45704,0.06990149
OG0009866,-6890.304615,-6884.530892,1,0.61853,0.016267536
OG0009871,-1429.935216,-1424.53029,1,0.27114,0.02008
OG0009875,-1957.876134,-1954.563058,1,0.51446,0.068730729
OG0009993,-2631.223778,-2629.698613,1,0.66932,0.216839545
OG0009997,-3447.195294,-3444.954119,1,0.61995,0.134378832
OG0010000,-1147.470917,-1147.469426,1,1.02565,0.969198563
OG0010004,-9578.409469,-9577.489585,1,0.85263,0.337505432
OG0010008,-5388.875384,-5388.807362,1,0.94802,0.79423882
OG0010009,-3924.258835,-3921.953121,1,0.66865,0.128899038
OG0010013,-5776.474669,-5759.111243,1,0.36731,3.09E-05
OG0010014,-2125.949347,-2118.887415,1,0.35578,0.007873904
OG0010015,-8061.815152,-8039.667197,1,0.39829,2.52E-06
OG0010019,-2804.883456,-2799.189335,1,0.51099,0.017021836
OG0010020,-2661.82102,-2654.746724,1,0.40804,0.007819754
OG0010022,-2080.115567,-2078.191094,1,0.56352,0.165364397
OG0010023,-8161.122461,-8145.576578,1,0.50345,8.05E-05
OG0010024,-2212.985307,-2212.331153,1,1.36137,0.41863142
OG0010025,-3978.278243,-3972.846229,1,0.53954,0.019770865
OG0010026,-5701.367504,-5696.627198,1,0.65469,0.02946383
OG0010027,-2018.744683,-2018.692539,1,0.9104,0.819373684
OG0010031,-3117.717163,-3117.716288,1,1.00964,0.976401698
OG0010032,-2624.720076,-2623.016151,1,0.61566,0.191775472
OG0010033,-2206.152638,-2205.561934,1,0.719,0.442147015
OG0010035,-5710.242932,-5700.172436,1,0.51022,0.001506625
OG0010041,-2570.738827,-2565.597008,1,0.49196,0.023356164
OG0010046,-7278.841125,-7272.883591,1,0.58872,0.014654524
OG0010047,-1925.075194,-1918.455075,1,0.35201,0.01008331
OG0010054,-1959.477525,-1959.471092,1,0.97555,0.93607343
OG0010056,-1984.431249,-1968.612462,1,0.14105,6.97E-05
OG0010057,-1993.579599,-1993.534672,1,0.92283,0.832138317
OG0010058,-3846.612443,-3836.9205,1,0.42105,0.001850777
OG0010062,-2495.430379,-2494.985818,1,0.81418,0.50492923
OG0010063,-4927.331876,-4918.100088,1,0.46325,0.002378493
OG0010064,-6688.172216,-6682.085531,1,0.60168,0.01362044
OG0010065,-4203.19225,-4184.083136,1,0.30626,1.23E-05
OG0010070,-3809.660483,-3801.977176,1,0.41392,0.005573394
OG0010072,-3267.724679,-3261.879324,1,0.48225,0.015618223
OG0010074,-7747.079751,-7729.1936,1,0.40726,2.35E-05
OG0010077,-3217.045062,-3213.291104,1,0.57444,0.052682623
OG0010078,-6155.060658,-6153.698038,1,0.75313,0.243083928
OG0010079,-9074.734471,-9053.689123,1,0.42099,4.49E-06
OG0010082,-1980.484427,-1976.198568,1,0.40065,0.038430659
OG0010083,-3576.354823,-3572.129171,1,0.55821,0.039817319
OG0010084,-5477.348881,-5472.247769,1,0.58349,0.02391051
OG0010086,-3407.246995,-3405.188333,1,1.37058,0.151343009
OG0010089,-2841.788247,-2837.32981,1,0.45519,0.034729261
OG0010091,-5013.647713,-5013.544561,1,1.06228,0.748079405
OG0010093,-4678.438973,-4677.13279,1,0.78941,0.253086909
OG0010094,-4198.263023,-4190.139923,1,0.45723,0.004370476
OG0010096,-1353.047387,-1351.637415,1,0.62013,0.235061041
OG0010097,-3781.305607,-3777.798862,1,0.60455,0.061119426
OG0010098,-1942.468827,-1940.295969,1,0.53215,0.14046497
OG0010100,-4413.880465,-4409.945108,1,0.66037,0.047281104
OG0010102,-1895.051417,-1895.015151,1,0.93181,0.848967223
OG0010104,-2414.990628,-2405.61302,1,0.36798,0.00219652
OG0010106,-5428.419639,-5425.138807,1,0.66145,0.070093387
OG0010108,-8973.606312,-8966.415945,1,0.60518,0.007329599
OG0010114,-1043.334646,-1040.194855,1,0.28817,0.076403598
OG0010116,-7791.984009,-7787.01079,1,0.64007,0.025742695
OG0010117,-2787.785558,-2777.637942,1,0.31428,0.00144488
OG0010118,-2314.663693,-2314.641314,1,0.93996,0.881083267
OG0010120,-4595.935939,-4587.978276,1,0.44947,0.00478842
OG0010121,-8706.339158,-8696.646734,1,0.56952,0.001850293
OG0010122,-5066.516903,-5050.909161,1,0.37939,7.79E-05
OG0010123,-2029.372144,-2022.327758,1,0.35263,0.007951408
OG0010124,-5692.024571,-5680.131081,1,0.46972,0.000563305
OG0010127,-5105.497305,-5101.871472,1,0.58684,0.056889086
OG0010128,-1854.96336,-1851.967535,1,0.51015,0.083479383
OG0010130,-2269.282212,-2267.804334,1,0.63288,0.224106824
OG0010135,-2363.518699,-2362.813106,1,0.76424,0.400910723
OG0010136,-2342.260771,-2340.724633,1,0.61901,0.215193573
OG0010145,-5235.152597,-5226.364606,1,0.46968,0.0030322
OG0010146,-11415.90698,-11393.27212,1,0.45743,1.96E-06
OG0010147,-3946.798944,-3946.75951,1,1.04964,0.842591332
OG0010148,-2245.086011,-2244.945221,1,0.86997,0.707496905
OG0010149,-3310.396431,-3308.638156,1,0.67563,0.184839822
OG0010150,-3548.932146,-3532.26197,1,0.27014,4.45E-05
OG0010151,-3510.555001,-3492.445479,1,0.28589,2.09E-05
OG0010152,-5538.917328,-5517.681366,1,0.33144,4.06E-06
OG0010153,-4974.494313,-4962.698865,1,0.39011,0.000593757
OG0010156,-9045.066641,-9014.3174,1,0.37632,2.94E-08
OG0010159,-3398.762164,-3396.372901,1,0.53932,0.122171214
OG0010163,-1626.383597,-1622.547363,1,0.41801,0.050156058
OG0010165,-2598.795195,-2593.526936,1,0.39967,0.021717723
OG0010166,-5660.369192,-5649.005487,1,0.46858,0.000748933
OG0010171,-6542.853988,-6538.912889,1,0.62428,0.047119985
OG0010172,-2017.536603,-2013.500338,1,0.48219,0.044532278
OG0010173,-1969.296205,-1968.387683,1,0.69479,0.34050688
OG0010175,-2396.772206,-2389.61595,1,0.34586,0.007470296
OG0010176,-2624.670863,-2619.329758,1,0.4066,0.020828266
OG0010182,-1960.02175,-1957.671094,1,0.58206,0.125230299
OG0010184,-2424.613752,-2418.575688,1,0.36778,0.014000629
OG0010186,-3799.744623,-3796.50022,1,0.55431,0.071667795
OG0010189,-6826.73094,-6821.132563,1,0.64156,0.017977124
OG0010190,-4912.365022,-4912.154331,1,1.10789,0.646226344
OG0010191,-2586.962999,-2574.408647,1,0.21018,0.000395285
OG0010193,-12573.29068,-12536.15684,1,0.37837,1.10E-09
OG0010194,-5189.735578,-5181.449223,1,0.4795,0.003994409
OG0010195,-4079.698763,-4074.670035,1,1.5496,0.024930202
OG0010201,-2874.689333,-2872.19506,1,0.63854,0.114261128
OG0010202,-1906.156602,-1903.735049,1,0.45816,0.119676234
OG0010204,-4294.956472,-4281.383903,1,0.40321,0.000229515
OG0010206,-3029.904745,-3029.885114,1,0.95651,0.88857255
OG0010210,-2200.04717,-2199.239272,1,1.31289,0.368742438
OG0010211,-7550.337834,-7548.109244,1,0.75221,0.135477431
OG0010217,-3091.741847,-3085.851811,1,0.42281,0.015226789
OG0010218,-4424.546008,-4415.867687,1,0.46351,0.003220175
OG0010219,-3907.404072,-3904.311474,1,0.62953,0.078649144
OG0010221,-2234.530497,-2234.489924,1,0.9483,0.840364387
OG0010222,-2621.789385,-2614.092424,1,0.41142,0.005531388
OG0010224,-1059.006249,-1057.20153,1,0.46439,0.179143036
OG0010225,-2654.652799,-2654.648026,1,0.98074,0.944920447
OG0010228,-3006.923259,-3001.720232,1,0.459,0.022547591
OG0010229,-4119.744408,-4101.945872,1,0.29745,2.46E-05
OG0010230,-3654.137553,-3652.282295,1,0.6752,0.173173094
OG0010231,-2508.608283,-2504.264839,1,0.5411,0.037151701
OG0010232,-4934.655336,-4934.462598,1,1.11321,0.660647507
OG0010233,-1889.048208,-1885.287675,1,0.42821,0.052475849
OG0010237,-969.006612,-965.642989,1,0.25765,0.066651283
OG0010242,-2614.349666,-2605.944579,1,0.33674,0.003741725
OG0010262,-2759.556792,-2758.258981,1,0.68631,0.254613457
OG0010263,-2227.162123,-2226.672632,1,0.74251,0.484154446
OG0010264,-2952.561413,-2950.705381,1,0.65956,0.173083464
OG0010265,-2338.179124,-2336.492529,1,0.60669,0.194050432
OG0010267,-3114.578045,-3109.592912,1,0.44938,0.02556602
OG0010271,-2442.554482,-2442.489971,1,0.91682,0.799503162
OG0010272,-1352.65117,-1352.64886,1,0.98144,0.961666465
OG0010274,-7045.210951,-7039.619436,1,0.69562,0.01804768
OG0010276,-3801.735799,-3793.51678,1,0.51126,0.00414536
OG0010279,-2430.797098,-2428.840463,1,0.67499,0.161873657
OG0010280,-5080.501966,-5071.871879,1,0.47985,0.003306558
OG0010281,-3010.350597,-3008.499271,1,0.68296,0.173629251
OG0010282,-2159.982022,-2154.693165,1,0.32935,0.021462302
OG0010283,-4274.340305,-4269.556206,1,0.52732,0.028723671
OG0010286,-6645.305556,-6641.348902,1,0.64671,0.046686416
OG0010288,-2741.542947,-2733.631234,1,0.25564,0.004911574
OG0010290,-2692.878541,-2687.485887,1,0.44532,0.020221692
OG0010292,-2914.966794,-2911.32184,1,0.55806,0.056239357
OG0010293,-6221.547284,-6204.402147,1,0.42566,3.46E-05
OG0010294,-2941.177578,-2940.694999,1,0.76076,0.487256452
OG0010295,-1683.643577,-1679.320142,1,0.31491,0.037590967
OG0010296,-3100.273715,-3095.812625,1,0.48981,0.034675364
OG0010298,-3672.155799,-3668.158068,1,0.5097,0.04556156
OG0010299,-2264.13801,-2262.235248,1,0.6265,0.167769489
OG0010300,-5972.597352,-5969.343324,1,0.685,0.071248168
OG0010302,-832.53693,-831.788481,1,0.62742,0.386967731
OG0010306,-747.416982,-747.407295,1,0.95745,0.921596763
OG0010308,-2683.212108,-2678.969434,1,0.51727,0.039420034
OG0010310,-4146.715107,-4139.07651,1,0.47057,0.005713234
OG0010312,-3012.037509,-3005.194184,1,0.50522,0.008897308
OG0010313,-3991.699615,-3991.069484,1,0.81999,0.427307266
OG0010314,-3816.866754,-3811.998033,1,0.54897,0.027347762
OG0010315,-9047.99664,-9038.836891,1,0.566,0.002473965
OG0010316,-2409.480349,-2407.123304,1,0.58449,0.124718238
OG0010317,-4766.903475,-4766.712892,1,0.88897,0.662431834
OG0010318,-2127.79113,-2126.393542,1,0.67109,0.237127836
OG0010322,-3575.602602,-3568.922694,1,0.40323,0.009750566
OG0010323,-5121.886844,-5119.19943,1,0.70054,0.101143843
OG0010324,-939.020535,-938.388163,1,0.62351,0.426486581
OG0010326,-3941.891457,-3941.775245,1,0.89707,0.733179759
OG0010327,-7824.275952,-7818.158602,1,0.60921,0.013386133
OG0010328,-2089.101027,-2089.094897,1,1.02629,0.937593938
OG0010329,-7708.795029,-7705.837435,1,0.74704,0.085475043
OG0010330,-2600.557406,-2596.734384,1,0.37247,0.050552983
OG0010331,-4110.015591,-4103.023128,1,0.57486,0.008185364
OG0010332,-6145.784816,-6145.290515,1,0.84311,0.482014974
OG0010333,-2462.543951,-2460.714602,1,0.67923,0.176204458
OG0010335,-2625.077269,-2623.078354,1,0.62353,0.157411851
OG0010337,-3450.408631,-3440.62681,1,0.3806,0.001762457
OG0010338,-2343.556427,-2340.238793,1,0.62222,0.068540403
OG0010339,-2358.206972,-2352.726228,1,0.46716,0.019227074
OG0010340,-2336.044818,-2331.070719,1,0.44247,0.025729602
OG0010341,-3369.188621,-3366.785318,1,0.69812,0.121079361
OG0010342,-5162.669185,-5155.111335,1,0.50366,0.005974923
OG0010347,-5938.855971,-5931.608711,1,0.56509,0.007100928
OG0010465,-2168.565358,-2167.557741,1,0.6389,0.31547441
OG0010468,-5324.492899,-5323.110961,1,0.72221,0.239771311
OG0010469,-3255.890743,-3254.58413,1,0.73821,0.253008807
OG0010470,-3117.776523,-3116.634286,1,0.71446,0.285180134
OG0010471,-6221.881904,-6215.264891,1,0.53666,0.01010091
OG0010472,-2246.776755,-2245.166656,1,0.5964,0.204477886
OG0010478,-2855.204373,-2847.656305,1,0.43185,0.006007445
OG0010481,-3808.717842,-3798.589384,1,0.36615,0.001459975
OG0010483,-5860.068941,-5857.342997,1,0.68647,0.098729732
OG0010485,-3911.718195,-3899.611042,1,0.39521,0.000502288
OG0010488,-3312.389709,-3307.881124,1,0.58215,0.03372513
OG0010491,-1369.570318,-1368.149969,1,0.60924,0.233345968
OG0010492,-1908.443432,-1908.330154,1,0.90703,0.736442603
OG0010505,-7275.641608,-7261.682146,1,0.5156,0.000186795
OG0010509,-4224.264393,-4212.872907,1,0.33607,0.000737815
OG0010510,-3293.366474,-3291.453057,1,0.68793,0.166584186
OG0010515,-3820.128437,-3817.90003,1,0.70954,0.13549348
OG0010516,-7551.077908,-7550.092759,1,0.84093,0.320930899
OG0010517,-7653.056062,-7644.658127,1,0.56234,0.003756475
OG0010518,-4402.63057,-4402.625855,1,1.01933,0.945255596
OG0010519,-2752.273707,-2748.288961,1,0.44686,0.045914023
OG0010524,-6149.480432,-6139.466279,1,0.56024,0.001553418
OG0010527,-3746.123275,-3741.476366,1,0.56553,0.031109518
OG0010556,-7126.350332,-7125.671683,1,0.82631,0.410052325
OG0010557,-4170.326888,-4168.42693,1,0.72342,0.16808302
OG0010563,-2863.639849,-2853.305344,1,0.37408,0.001305661
OG0010564,-2406.233482,-2404.88266,1,0.64751,0.245134465
OG0010566,-6681.945846,-6675.21298,1,0.57938,0.00946524
OG0010567,-2004.17184,-1997.185282,1,0.33234,0.008212413
OG0010568,-1075.715184,-1073.338379,1,0.44461,0.123149184
OG0010578,-9694.001032,-9678.028259,1,0.50363,6.43E-05
OG0010579,-4648.086672,-4635.009926,1,0.36866,0.000298984
OG0010581,-4388.060669,-4373.251873,1,0.30163,0.000118979
OG0010588,-7088.796886,-7076.98522,1,0.50029,0.000588607
OG0010591,-3283.441432,-3281.457464,1,0.63654,0.15897301
OG0010596,-3206.654761,-3204.22828,1,0.65087,0.119300444
OG0010597,-6381.625802,-6377.242426,1,0.60052,0.036291049
OG0010598,-2964.79074,-2963.671202,1,0.73351,0.290017956
OG0010599,-9436.947611,-9418.426487,1,0.42091,1.68E-05
OG0010601,-8159.156478,-8129.553896,1,0.31208,5.30E-08
OG0010602,-3340.425075,-3339.492896,1,1.24572,0.334297353
OG0010603,-4540.775903,-4539.696818,1,0.74129,0.298902338
OG0010606,-3747.324577,-3739.727741,1,0.44584,0.005847082
OG0010607,-4541.787041,-4537.861342,1,0.57523,0.047553418
OG0010608,-6372.034417,-6355.727816,1,0.40632,5.39E-05
OG0010609,-3673.356318,-3668.472622,1,0.55538,0.027111507
OG0010612,-2630.945754,-2630.923044,1,0.96597,0.880213656
OG0010617,-2431.553464,-2427.16404,1,0.27602,0.036162528
OG0010650,-960.196449,-951.888595,1,0.28957,0.0039474
OG0010653,-1949.382452,-1948.629626,1,0.72941,0.385582975
OG0010654,-4170.770831,-4168.774932,1,0.70227,0.157725451
OG0010657,-2262.53404,-2262.048586,1,0.7728,0.48596221
OG0010660,-4636.080174,-4630.359152,1,0.5342,0.01676297
OG0010661,-5300.83138,-5286.880707,1,0.35966,0.00018767
OG0010666,-2249.24534,-2244.665796,1,0.45625,0.032355824
OG0010669,-5599.665693,-5591.478333,1,0.51193,0.004218327
OG0010670,-1872.375963,-1867.950943,1,0.44122,0.035415698
OG0010673,-5776.39053,-5760.712882,1,0.43013,7.51E-05
OG0010674,-5010.751497,-5008.201784,1,0.68996,0.110314293
OG0010675,-3164.694011,-3164.181332,1,0.80196,0.473981432
OG0010676,-3500.256626,-3495.84747,1,0.5472,0.035746523
OG0010680,-6613.70956,-6608.222934,1,0.57568,0.019162489
OG0010684,-2628.556831,-2627.960224,1,1.38914,0.439875545
OG0010687,-6679.097226,-6677.743224,1,0.7813,0.244579698
OG0010688,-3079.866566,-3075.310337,1,0.51178,0.032799216
OG0010689,-3836.018151,-3834.791671,1,0.76931,0.268092688
OG0010690,-4235.118873,-4232.791099,1,0.63849,0.127083491
OG0010695,-2611.249875,-2606.226799,1,0.47395,0.025011699
OG0010696,-1945.522217,-1945.509111,1,1.04794,0.908856159
OG0010697,-1998.951717,-1993.241076,1,0.45411,0.016862381
OG0010698,-4099.818426,-4094.758878,1,0.5274,0.024490625
OG0010701,-1258.355909,-1256.775091,1,0.56701,0.208642907
OG0010705,-3007.968833,-3000.123106,1,0.45261,0.005094097
OG0010709,-3078.615233,-3074.985768,1,0.46582,0.056765061
OG0010720,-1666.345273,-1665.101376,1,0.53266,0.264721327
OG0010797,-3264.946156,-3260.497681,1,0.43295,0.034932428
OG0010805,-2426.658808,-2418.768152,1,1.87344,0.004969084
OG0010848,-3696.545036,-3694.591833,1,0.65263,0.162242115
OG0010856,-399.158232,-398.903826,1,0.57686,0.613989623
OG0010871,-1943.222941,-1942.909512,1,0.79278,0.575583597
OG0010874,-5301.077433,-5295.690145,1,0.58284,0.020283972
OG0010887,-1671.804863,-1669.038256,1,0.47493,0.096249986
OG0010895,-7247.467137,-7242.662549,1,0.64811,0.028384053
OG0010901,-2672.838545,-2663.173261,1,0.34809,0.001877827
OG0010918,-2492.433724,-2485.005455,1,0.36928,0.006420708
OG0010934,-4712.013816,-4712.00392,1,1.02243,0.920758246
OG0010935,-1698.320438,-1697.473904,1,0.76781,0.357534705
OG0010939,-1495.703789,-1490.714643,1,0.30662,0.025506794
OG0010953,-2258.719995,-2254.87037,1,0.45262,0.049757114
OG0010957,-2160.790067,-2158.880164,1,0.6306,0.166974034
OG0010958,-3168.168181,-3156.890879,1,0.32158,0.000784605
OG0010959,-3123.989828,-3120.52755,1,0.57704,0.062783763
OG0010960,-3319.117476,-3308.782011,1,0.3684,0.001304982
OG0010961,-6246.20255,-6237.646999,1,0.50548,0.003444702
OG0010965,-2971.971447,-2968.270104,1,0.55117,0.05436869
OG0010966,-4750.874963,-4738.336297,1,0.36638,0.000398617
OG0010967,-2038.7648,-2030.567309,1,0.36838,0.004194836
OG0010969,-1832.987487,-1828.779143,1,0.37865,0.040225589
OG0010996,-1704.386421,-1698.882978,1,0.37744,0.01897907
OG0011001,-1390.451044,-1390.366057,1,1.10228,0.770649598
OG0011003,-2278.468592,-2277.746137,1,0.65989,0.395339803
OG0011006,-5800.346297,-5800.333068,1,0.97475,0.908431338
OG0011007,-1975.856504,-1975.856067,1,0.99228,0.983321801
OG0011008,-957.077486,-962.091472,1,1.12054,0.025143351
OG0011011,-1315.186624,-1313.907243,1,0.51392,0.25801416
OG0011013,-1992.342471,-1990.138705,1,0.59648,0.137674024
OG0011025,-2745.690951,-2745.025282,1,0.75227,0.414565678
OG0011026,-932.531781,-932.531422,1,1.00951,0.98488315
OG0011039,-4339.90395,-4339.347368,1,0.81743,0.455640694
OG0011042,-3766.259702,-3760.865985,1,0.53158,0.020209378
OG0011043,-2542.219436,-2542.131895,1,1.0948,0.767326855
OG0011048,-3113.643722,-3111.76359,1,0.68212,0.170319146
OG0011100,-874.667695,-874.649178,1,0.9413,0.891760264
OG0011266,-2011.099808,-2008.817519,1,0.54353,0.130858617
OG0011275,-1193.465148,-1192.745222,1,0.6774,0.396168184
OG0011297,-1237.675306,-1237.627331,1,1.10327,0.826625151
OG0011304,-3266.021293,-3265.700404,1,0.83586,0.571073878
OG0011308,-3708.658533,-3700.278301,1,0.38927,0.00379324
OG0011352,-2635.585366,-2635.581387,1,1.02339,0.949703346
OG0011423,-2523.121996,-2521.995899,1,1.49842,0.28860939
OG0011507,-1401.929984,-1400.139148,1,0.38693,0.180824338
OG0011616,-2411.123958,-2410.835883,1,1.23707,0.591456764
OG0011629,-4010.277576,-3998.549832,1,0.39261,0.000615752
OG0011636,-2072.928028,-2072.69174,1,1.17082,0.626900066
OG0011665,-6196.120222,-6187.014657,1,0.52994,0.00254833
OG0011678,-3541.810203,-3536.364271,1,0.46136,0.019613948
OG0011719,-2105.355285,-2097.672677,1,0.33678,0.005575553
OG0011722,-1491.345285,-1487.026266,1,0.39218,0.037688644
OG0011738,-4431.399331,-4405.712704,1,0.16458,4.02E-07
OG0011749,-5771.256659,-5755.923294,1,0.32858,9.01E-05
OG0011846,-81.650514,-81.52147,1,2.10948,0.719425319
